id0,US-CA-FL1-Huge-300,US-CA-FL1-Huge-300,Conference Room
id1,US-CA-FL1-Big-50,US-CA-FL1-Big-50,Conference Room
id2,US-CA-FL1-Medium-25,US-CA-FL1-Medium-25,Conference Room
id3,US-CA-FL1-Small-10,US-CA-FL1-Small-10,Conference Room
id4,US-CA-FL1-Tiny-4,US-CA-FL1-Tiny-4,Conference Room
id5,US-CA-FL2-Huge-300,US-CA-FL2-Huge-300,Conference Room
id6,US-CA-FL2-Big-50,US-CA-FL2-Big-50,Conference Room
id7,US-CA-FL2-Medium-25,US-CA-FL2-Medium-25,Conference Room
id8,US-CA-FL2-Small-10,US-CA-FL2-Small-10,Conference Room
id9,US-CA-FL2-Tiny-4,US-CA-FL2-Tiny-4,Conference Room
id10,US-CA-FL3-Huge-300,US-CA-FL3-Huge-300,Conference Room
id11,US-CA-FL3-Big-50,US-CA-FL3-Big-50,Conference Room
id12,US-CA-FL3-Medium-25,US-CA-FL3-Medium-25,Conference Room
id13,US-CA-FL3-Small-10,US-CA-FL3-Small-10,Conference Room
id14,US-CA-FL3-Tiny-4,US-CA-FL3-Tiny-4,Conference Room
id15,US-CA-FL4-Huge-300,US-CA-FL4-Huge-300,Conference Room
id16,US-CA-FL4-Big-50,US-CA-FL4-Big-50,Conference Room
id17,US-CA-FL4-Medium-25,US-CA-FL4-Medium-25,Conference Room
id18,US-CA-FL4-Small-10,US-CA-FL4-Small-10,Conference Room
id19,US-CA-FL4-Tiny-4,US-CA-FL4-Tiny-4,Conference Room
id20,US-CA-FL5-Huge-300,US-CA-FL5-Huge-300,Conference Room
id21,US-CA-FL5-Big-50,US-CA-FL5-Big-50,Conference Room
id22,US-CA-FL5-Medium-25,US-CA-FL5-Medium-25,Conference Room
id23,US-CA-FL5-Small-10,US-CA-FL5-Small-10,Conference Room
id24,US-CA-FL5-Tiny-4,US-CA-FL5-Tiny-4,Conference Room
id25,US-CA-FL6-Huge-300,US-CA-FL6-Huge-300,Conference Room
id26,US-CA-FL6-Big-50,US-CA-FL6-Big-50,Conference Room
id27,US-CA-FL6-Medium-25,US-CA-FL6-Medium-25,Conference Room
id28,US-CA-FL6-Small-10,US-CA-FL6-Small-10,Conference Room
id29,US-CA-FL6-Tiny-4,US-CA-FL6-Tiny-4,Conference Room
id30,US-CA-FL7-Huge-300,US-CA-FL7-Huge-300,Conference Room
id31,US-CA-FL7-Big-50,US-CA-FL7-Big-50,Conference Room
id32,US-CA-FL7-Medium-25,US-CA-FL7-Medium-25,Conference Room
id33,US-CA-FL7-Small-10,US-CA-FL7-Small-10,Conference Room
id34,US-CA-FL7-Tiny-4,US-CA-FL7-Tiny-4,Conference Room
id35,US-CA-FL8-Huge-300,US-CA-FL8-Huge-300,Conference Room
id36,US-CA-FL8-Big-50,US-CA-FL8-Big-50,Conference Room
id37,US-CA-FL8-Medium-25,US-CA-FL8-Medium-25,Conference Room
id38,US-CA-FL8-Small-10,US-CA-FL8-Small-10,Conference Room
id39,US-CA-FL8-Tiny-4,US-CA-FL8-Tiny-4,Conference Room
id40,US-CA-FL9-Huge-300,US-CA-FL9-Huge-300,Conference Room
id41,US-CA-FL9-Big-50,US-CA-FL9-Big-50,Conference Room
id42,US-CA-FL9-Medium-25,US-CA-FL9-Medium-25,Conference Room
id43,US-CA-FL9-Small-10,US-CA-FL9-Small-10,Conference Room
id44,US-CA-FL9-Tiny-4,US-CA-FL9-Tiny-4,Conference Room
id45,US-WA-FL1-Huge-300,US-WA-FL1-Huge-300,Conference Room
id46,US-WA-FL1-Big-50,US-WA-FL1-Big-50,Conference Room
id47,US-WA-FL1-Medium-25,US-WA-FL1-Medium-25,Conference Room
id48,US-WA-FL1-Small-10,US-WA-FL1-Small-10,Conference Room
id49,US-WA-FL1-Tiny-4,US-WA-FL1-Tiny-4,Conference Room
id50,US-WA-FL2-Huge-300,US-WA-FL2-Huge-300,Conference Room
id51,US-WA-FL2-Big-50,US-WA-FL2-Big-50,Conference Room
id52,US-WA-FL2-Medium-25,US-WA-FL2-Medium-25,Conference Room
id53,US-WA-FL2-Small-10,US-WA-FL2-Small-10,Conference Room
id54,US-WA-FL2-Tiny-4,US-WA-FL2-Tiny-4,Conference Room
id55,US-WA-FL3-Huge-300,US-WA-FL3-Huge-300,Conference Room
id56,US-WA-FL3-Big-50,US-WA-FL3-Big-50,Conference Room
id57,US-WA-FL3-Medium-25,US-WA-FL3-Medium-25,Conference Room
id58,US-WA-FL3-Small-10,US-WA-FL3-Small-10,Conference Room
id59,US-WA-FL3-Tiny-4,US-WA-FL3-Tiny-4,Conference Room
id60,US-WA-FL4-Huge-300,US-WA-FL4-Huge-300,Conference Room
id61,US-WA-FL4-Big-50,US-WA-FL4-Big-50,Conference Room
id62,US-WA-FL4-Medium-25,US-WA-FL4-Medium-25,Conference Room
id63,US-WA-FL4-Small-10,US-WA-FL4-Small-10,Conference Room
id64,US-WA-FL4-Tiny-4,US-WA-FL4-Tiny-4,Conference Room
id65,US-WA-FL5-Huge-300,US-WA-FL5-Huge-300,Conference Room
id66,US-WA-FL5-Big-50,US-WA-FL5-Big-50,Conference Room
id67,US-WA-FL5-Medium-25,US-WA-FL5-Medium-25,Conference Room
id68,US-WA-FL5-Small-10,US-WA-FL5-Small-10,Conference Room
id69,US-WA-FL5-Tiny-4,US-WA-FL5-Tiny-4,Conference Room
id70,US-WA-FL6-Huge-300,US-WA-FL6-Huge-300,Conference Room
id71,US-WA-FL6-Big-50,US-WA-FL6-Big-50,Conference Room
id72,US-WA-FL6-Medium-25,US-WA-FL6-Medium-25,Conference Room
id73,US-WA-FL6-Small-10,US-WA-FL6-Small-10,Conference Room
id74,US-WA-FL6-Tiny-4,US-WA-FL6-Tiny-4,Conference Room
id75,US-WA-FL7-Huge-300,US-WA-FL7-Huge-300,Conference Room
id76,US-WA-FL7-Big-50,US-WA-FL7-Big-50,Conference Room
id77,US-WA-FL7-Medium-25,US-WA-FL7-Medium-25,Conference Room
id78,US-WA-FL7-Small-10,US-WA-FL7-Small-10,Conference Room
id79,US-WA-FL7-Tiny-4,US-WA-FL7-Tiny-4,Conference Room
id80,US-WA-FL8-Huge-300,US-WA-FL8-Huge-300,Conference Room
id81,US-WA-FL8-Big-50,US-WA-FL8-Big-50,Conference Room
id82,US-WA-FL8-Medium-25,US-WA-FL8-Medium-25,Conference Room
id83,US-WA-FL8-Small-10,US-WA-FL8-Small-10,Conference Room
id84,US-WA-FL8-Tiny-4,US-WA-FL8-Tiny-4,Conference Room
id85,US-WA-FL9-Huge-300,US-WA-FL9-Huge-300,Conference Room
id86,US-WA-FL9-Big-50,US-WA-FL9-Big-50,Conference Room
id87,US-WA-FL9-Medium-25,US-WA-FL9-Medium-25,Conference Room
id88,US-WA-FL9-Small-10,US-WA-FL9-Small-10,Conference Room
id89,US-WA-FL9-Tiny-4,US-WA-FL9-Tiny-4,Conference Room
id90,US-NY-FL1-Huge-300,US-NY-FL1-Huge-300,Conference Room
id91,US-NY-FL1-Big-50,US-NY-FL1-Big-50,Conference Room
id92,US-NY-FL1-Medium-25,US-NY-FL1-Medium-25,Conference Room
id93,US-NY-FL1-Small-10,US-NY-FL1-Small-10,Conference Room
id94,US-NY-FL1-Tiny-4,US-NY-FL1-Tiny-4,Conference Room
id95,US-NY-FL2-Huge-300,US-NY-FL2-Huge-300,Conference Room
id96,US-NY-FL2-Big-50,US-NY-FL2-Big-50,Conference Room
id97,US-NY-FL2-Medium-25,US-NY-FL2-Medium-25,Conference Room
id98,US-NY-FL2-Small-10,US-NY-FL2-Small-10,Conference Room
id99,US-NY-FL2-Tiny-4,US-NY-FL2-Tiny-4,Conference Room
id100,US-NY-FL3-Huge-300,US-NY-FL3-Huge-300,Conference Room
id101,US-NY-FL3-Big-50,US-NY-FL3-Big-50,Conference Room
id102,US-NY-FL3-Medium-25,US-NY-FL3-Medium-25,Conference Room
id103,US-NY-FL3-Small-10,US-NY-FL3-Small-10,Conference Room
id104,US-NY-FL3-Tiny-4,US-NY-FL3-Tiny-4,Conference Room
id105,US-NY-FL4-Huge-300,US-NY-FL4-Huge-300,Conference Room
id106,US-NY-FL4-Big-50,US-NY-FL4-Big-50,Conference Room
id107,US-NY-FL4-Medium-25,US-NY-FL4-Medium-25,Conference Room
id108,US-NY-FL4-Small-10,US-NY-FL4-Small-10,Conference Room
id109,US-NY-FL4-Tiny-4,US-NY-FL4-Tiny-4,Conference Room
id110,US-NY-FL5-Huge-300,US-NY-FL5-Huge-300,Conference Room
id111,US-NY-FL5-Big-50,US-NY-FL5-Big-50,Conference Room
id112,US-NY-FL5-Medium-25,US-NY-FL5-Medium-25,Conference Room
id113,US-NY-FL5-Small-10,US-NY-FL5-Small-10,Conference Room
id114,US-NY-FL5-Tiny-4,US-NY-FL5-Tiny-4,Conference Room
id115,US-NY-FL6-Huge-300,US-NY-FL6-Huge-300,Conference Room
id116,US-NY-FL6-Big-50,US-NY-FL6-Big-50,Conference Room
id117,US-NY-FL6-Medium-25,US-NY-FL6-Medium-25,Conference Room
id118,US-NY-FL6-Small-10,US-NY-FL6-Small-10,Conference Room
id119,US-NY-FL6-Tiny-4,US-NY-FL6-Tiny-4,Conference Room
id120,US-NY-FL7-Huge-300,US-NY-FL7-Huge-300,Conference Room
id121,US-NY-FL7-Big-50,US-NY-FL7-Big-50,Conference Room
id122,US-NY-FL7-Medium-25,US-NY-FL7-Medium-25,Conference Room
id123,US-NY-FL7-Small-10,US-NY-FL7-Small-10,Conference Room
id124,US-NY-FL7-Tiny-4,US-NY-FL7-Tiny-4,Conference Room
id125,US-NY-FL8-Huge-300,US-NY-FL8-Huge-300,Conference Room
id126,US-NY-FL8-Big-50,US-NY-FL8-Big-50,Conference Room
id127,US-NY-FL8-Medium-25,US-NY-FL8-Medium-25,Conference Room
id128,US-NY-FL8-Small-10,US-NY-FL8-Small-10,Conference Room
id129,US-NY-FL8-Tiny-4,US-NY-FL8-Tiny-4,Conference Room
id130,US-NY-FL9-Huge-300,US-NY-FL9-Huge-300,Conference Room
id131,US-NY-FL9-Big-50,US-NY-FL9-Big-50,Conference Room
id132,US-NY-FL9-Medium-25,US-NY-FL9-Medium-25,Conference Room
id133,US-NY-FL9-Small-10,US-NY-FL9-Small-10,Conference Room
id134,US-NY-FL9-Tiny-4,US-NY-FL9-Tiny-4,Conference Room
id135,US-MA-FL1-Huge-300,US-MA-FL1-Huge-300,Conference Room
id136,US-MA-FL1-Big-50,US-MA-FL1-Big-50,Conference Room
id137,US-MA-FL1-Medium-25,US-MA-FL1-Medium-25,Conference Room
id138,US-MA-FL1-Small-10,US-MA-FL1-Small-10,Conference Room
id139,US-MA-FL1-Tiny-4,US-MA-FL1-Tiny-4,Conference Room
id140,US-MA-FL2-Huge-300,US-MA-FL2-Huge-300,Conference Room
id141,US-MA-FL2-Big-50,US-MA-FL2-Big-50,Conference Room
id142,US-MA-FL2-Medium-25,US-MA-FL2-Medium-25,Conference Room
id143,US-MA-FL2-Small-10,US-MA-FL2-Small-10,Conference Room
id144,US-MA-FL2-Tiny-4,US-MA-FL2-Tiny-4,Conference Room
id145,US-MA-FL3-Huge-300,US-MA-FL3-Huge-300,Conference Room
id146,US-MA-FL3-Big-50,US-MA-FL3-Big-50,Conference Room
id147,US-MA-FL3-Medium-25,US-MA-FL3-Medium-25,Conference Room
id148,US-MA-FL3-Small-10,US-MA-FL3-Small-10,Conference Room
id149,US-MA-FL3-Tiny-4,US-MA-FL3-Tiny-4,Conference Room
id150,US-MA-FL4-Huge-300,US-MA-FL4-Huge-300,Conference Room
id151,US-MA-FL4-Big-50,US-MA-FL4-Big-50,Conference Room
id152,US-MA-FL4-Medium-25,US-MA-FL4-Medium-25,Conference Room
id153,US-MA-FL4-Small-10,US-MA-FL4-Small-10,Conference Room
id154,US-MA-FL4-Tiny-4,US-MA-FL4-Tiny-4,Conference Room
id155,US-MA-FL5-Huge-300,US-MA-FL5-Huge-300,Conference Room
id156,US-MA-FL5-Big-50,US-MA-FL5-Big-50,Conference Room
id157,US-MA-FL5-Medium-25,US-MA-FL5-Medium-25,Conference Room
id158,US-MA-FL5-Small-10,US-MA-FL5-Small-10,Conference Room
id159,US-MA-FL5-Tiny-4,US-MA-FL5-Tiny-4,Conference Room
id160,US-MA-FL6-Huge-300,US-MA-FL6-Huge-300,Conference Room
id161,US-MA-FL6-Big-50,US-MA-FL6-Big-50,Conference Room
id162,US-MA-FL6-Medium-25,US-MA-FL6-Medium-25,Conference Room
id163,US-MA-FL6-Small-10,US-MA-FL6-Small-10,Conference Room
id164,US-MA-FL6-Tiny-4,US-MA-FL6-Tiny-4,Conference Room
id165,US-MA-FL7-Huge-300,US-MA-FL7-Huge-300,Conference Room
id166,US-MA-FL7-Big-50,US-MA-FL7-Big-50,Conference Room
id167,US-MA-FL7-Medium-25,US-MA-FL7-Medium-25,Conference Room
id168,US-MA-FL7-Small-10,US-MA-FL7-Small-10,Conference Room
id169,US-MA-FL7-Tiny-4,US-MA-FL7-Tiny-4,Conference Room
id170,US-MA-FL8-Huge-300,US-MA-FL8-Huge-300,Conference Room
id171,US-MA-FL8-Big-50,US-MA-FL8-Big-50,Conference Room
id172,US-MA-FL8-Medium-25,US-MA-FL8-Medium-25,Conference Room
id173,US-MA-FL8-Small-10,US-MA-FL8-Small-10,Conference Room
id174,US-MA-FL8-Tiny-4,US-MA-FL8-Tiny-4,Conference Room
id175,US-MA-FL9-Huge-300,US-MA-FL9-Huge-300,Conference Room
id176,US-MA-FL9-Big-50,US-MA-FL9-Big-50,Conference Room
id177,US-MA-FL9-Medium-25,US-MA-FL9-Medium-25,Conference Room
id178,US-MA-FL9-Small-10,US-MA-FL9-Small-10,Conference Room
id179,US-MA-FL9-Tiny-4,US-MA-FL9-Tiny-4,Conference Room
id180,US-DC-FL1-Huge-300,US-DC-FL1-Huge-300,Conference Room
id181,US-DC-FL1-Big-50,US-DC-FL1-Big-50,Conference Room
id182,US-DC-FL1-Medium-25,US-DC-FL1-Medium-25,Conference Room
id183,US-DC-FL1-Small-10,US-DC-FL1-Small-10,Conference Room
id184,US-DC-FL1-Tiny-4,US-DC-FL1-Tiny-4,Conference Room
id185,US-DC-FL2-Huge-300,US-DC-FL2-Huge-300,Conference Room
id186,US-DC-FL2-Big-50,US-DC-FL2-Big-50,Conference Room
id187,US-DC-FL2-Medium-25,US-DC-FL2-Medium-25,Conference Room
id188,US-DC-FL2-Small-10,US-DC-FL2-Small-10,Conference Room
id189,US-DC-FL2-Tiny-4,US-DC-FL2-Tiny-4,Conference Room
id190,US-DC-FL3-Huge-300,US-DC-FL3-Huge-300,Conference Room
id191,US-DC-FL3-Big-50,US-DC-FL3-Big-50,Conference Room
id192,US-DC-FL3-Medium-25,US-DC-FL3-Medium-25,Conference Room
id193,US-DC-FL3-Small-10,US-DC-FL3-Small-10,Conference Room
id194,US-DC-FL3-Tiny-4,US-DC-FL3-Tiny-4,Conference Room
id195,US-DC-FL4-Huge-300,US-DC-FL4-Huge-300,Conference Room
id196,US-DC-FL4-Big-50,US-DC-FL4-Big-50,Conference Room
id197,US-DC-FL4-Medium-25,US-DC-FL4-Medium-25,Conference Room
id198,US-DC-FL4-Small-10,US-DC-FL4-Small-10,Conference Room
id199,US-DC-FL4-Tiny-4,US-DC-FL4-Tiny-4,Conference Room
id200,US-DC-FL5-Huge-300,US-DC-FL5-Huge-300,Conference Room
id201,US-DC-FL5-Big-50,US-DC-FL5-Big-50,Conference Room
id202,US-DC-FL5-Medium-25,US-DC-FL5-Medium-25,Conference Room
id203,US-DC-FL5-Small-10,US-DC-FL5-Small-10,Conference Room
id204,US-DC-FL5-Tiny-4,US-DC-FL5-Tiny-4,Conference Room
id205,US-DC-FL6-Huge-300,US-DC-FL6-Huge-300,Conference Room
id206,US-DC-FL6-Big-50,US-DC-FL6-Big-50,Conference Room
id207,US-DC-FL6-Medium-25,US-DC-FL6-Medium-25,Conference Room
id208,US-DC-FL6-Small-10,US-DC-FL6-Small-10,Conference Room
id209,US-DC-FL6-Tiny-4,US-DC-FL6-Tiny-4,Conference Room
id210,US-DC-FL7-Huge-300,US-DC-FL7-Huge-300,Conference Room
id211,US-DC-FL7-Big-50,US-DC-FL7-Big-50,Conference Room
id212,US-DC-FL7-Medium-25,US-DC-FL7-Medium-25,Conference Room
id213,US-DC-FL7-Small-10,US-DC-FL7-Small-10,Conference Room
id214,US-DC-FL7-Tiny-4,US-DC-FL7-Tiny-4,Conference Room
id215,US-DC-FL8-Huge-300,US-DC-FL8-Huge-300,Conference Room
id216,US-DC-FL8-Big-50,US-DC-FL8-Big-50,Conference Room
id217,US-DC-FL8-Medium-25,US-DC-FL8-Medium-25,Conference Room
id218,US-DC-FL8-Small-10,US-DC-FL8-Small-10,Conference Room
id219,US-DC-FL8-Tiny-4,US-DC-FL8-Tiny-4,Conference Room
id220,US-DC-FL9-Huge-300,US-DC-FL9-Huge-300,Conference Room
id221,US-DC-FL9-Big-50,US-DC-FL9-Big-50,Conference Room
id222,US-DC-FL9-Medium-25,US-DC-FL9-Medium-25,Conference Room
id223,US-DC-FL9-Small-10,US-DC-FL9-Small-10,Conference Room
id224,US-DC-FL9-Tiny-4,US-DC-FL9-Tiny-4,Conference Room
